community,elder_type,service,elder_count_year5,monthly_times_per_person,base_price,is_emergency,theoretical_demand,theoretical_demand_rounded,actual_demand,actual_demand_rounded,satisfaction_rate_budget,theoretical_fee,actual_fee,monthly_budget,charged_theoretical_fee,reduction_alpha
A,自理,助餐,521.2148833024846,14.0,10.0,False,7297.008366234784,7297,7297.008366234784,7297,1.0,72970.08366234784,72970.08366234784,354426.12064568955,185552.49845568452,1.0
A,自理,日间照料,521.2148833024846,8.0,20.0,False,4169.719066419877,4170,4169.719066419877,4170,1.0,83394.38132839755,83394.38132839755,354426.12064568955,185552.49845568452,1.0
A,自理,上门护理,521.2148833024846,0.0,30.0,False,0.0,0,0.0,0,1.0,0.0,0.0,354426.12064568955,185552.49845568452,1.0
A,自理,康复理疗,521.2148833024846,2.0,28.0,False,1042.4297666049692,1042,1042.4297666049692,1042,1.0,29188.033464939137,29188.033464939137,354426.12064568955,185552.49845568452,1.0
A,自理,助浴,521.2148833024846,0.0,25.0,False,0.0,0,0.0,0,1.0,0.0,0.0,354426.12064568955,185552.49845568452,1.0
A,自理,紧急救助,521.2148833024846,0.15,0.0,True,78.18223249537269,78,78.18223249537269,78,1.0,0.0,0.0,354426.12064568955,185552.49845568452,1.0
A,半失能,助餐,150.53436284445817,20.0,10.0,False,3010.6872568891636,3011,3010.6872568891636,3011,1.0,30106.872568891635,30106.872568891635,127954.20841778944,123739.2462581446,1.0
A,半失能,日间照料,150.53436284445817,14.0,20.0,False,2107.4810798224144,2107,2107.4810798224144,2107,1.0,42149.62159644828,42149.62159644828,127954.20841778944,123739.2462581446,1.0
A,半失能,上门护理,150.53436284445817,6.0,30.0,False,903.206177066749,903,903.206177066749,903,1.0,27096.185312002468,27096.185312002468,127954.20841778944,123739.2462581446,1.0
A,半失能,康复理疗,150.53436284445817,4.0,28.0,False,602.1374513778327,602,602.1374513778327,602,1.0,16859.848638579315,16859.848638579315,127954.20841778944,123739.2462581446,1.0
A,半失能,助浴,150.53436284445817,2.0,25.0,False,301.06872568891635,301,301.06872568891635,301,1.0,7526.718142222909,7526.718142222909,127954.20841778944,123739.2462581446,1.0
A,半失能,紧急救助,150.53436284445817,1.0,0.0,True,150.53436284445817,151,150.53436284445817,151,1.0,0.0,0.0,127954.20841778944,123739.2462581446,1.0
A,失能,助餐,114.3562857314568,22.0,10.0,False,2515.8382860920497,2516,2124.300539581035,2124,0.8443708609271522,25158.382860920497,21243.005395810353,116643.41144608593,138142.3931635998,0.8443708609271523
A,失能,日间照料,114.3562857314568,18.0,20.0,False,2058.413143166222,2058,1738.0640778390286,1738,0.8443708609271523,41168.262863324446,34761.281556780574,116643.41144608593,138142.3931635998,0.8443708609271523
A,失能,上门护理,114.3562857314568,12.0,30.0,False,1372.2754287774815,1372,1158.709385226019,1159,0.8443708609271523,41168.262863324446,34761.281556780574,116643.41144608593,138142.3931635998,0.8443708609271523
A,失能,康复理疗,114.3562857314568,6.0,28.0,False,686.1377143887407,686,579.3546926130095,579,0.8443708609271523,19211.856002884742,16221.931393164268,116643.41144608593,138142.3931635998,0.8443708609271523
A,失能,助浴,114.3562857314568,4.0,25.0,False,457.4251429258272,457,386.2364617420064,386,0.8443708609271523,11435.62857314568,9655.911543550159,116643.41144608593,138142.3931635998,0.8443708609271523
A,失能,紧急救助,114.3562857314568,3.0,0.0,True,343.06885719437037,343,343.06885719437037,343,1.0,0.0,0.0,116643.41144608593,138142.3931635998,0.8443708609271523
B,自理,助餐,435.5240654239448,14.0,10.0,False,6097.336915935228,6097,6097.336915935228,6097,1.0,60973.36915935228,60973.36915935228,270024.92056284583,155046.56729092437,1.0
B,自理,日间照料,435.5240654239448,8.0,20.0,False,3484.1925233915586,3484,3484.1925233915586,3484,1.0,69683.85046783117,69683.85046783117,270024.92056284583,155046.56729092437,1.0
B,自理,上门护理,435.5240654239448,0.0,30.0,False,0.0,0,0.0,0,1.0,0.0,0.0,270024.92056284583,155046.56729092437,1.0
B,自理,康复理疗,435.5240654239448,2.0,28.0,False,871.0481308478896,871,871.0481308478896,871,1.0,24389.34766374091,24389.34766374091,270024.92056284583,155046.56729092437,1.0
B,自理,助浴,435.5240654239448,0.0,25.0,False,0.0,0,0.0,0,1.0,0.0,0.0,270024.92056284583,155046.56729092437,1.0
B,自理,紧急救助,435.5240654239448,0.15,0.0,True,65.32860981359173,65,65.32860981359173,65,1.0,0.0,0.0,270024.92056284583,155046.56729092437,1.0
B,半失能,助餐,129.37298293975496,20.0,10.0,False,2587.459658795099,2587,2439.514885117034,2440,0.9428223844282239,25874.59658795099,24395.14885117034,100264.06177831009,106344.59197647858,0.9428223844282237
B,半失能,日间照料,129.37298293975496,14.0,20.0,False,1811.2217611565695,1811,1707.6604195819236,1708,0.9428223844282237,36224.43522313139,34153.20839163847,100264.06177831009,106344.59197647858,0.9428223844282237
B,半失能,上门护理,129.37298293975496,6.0,30.0,False,776.2378976385298,776,731.8544655351102,732,0.9428223844282237,23287.136929155895,21955.633966053305,100264.06177831009,106344.59197647858,0.9428223844282237
B,半失能,康复理疗,129.37298293975496,4.0,28.0,False,517.4919317590198,517,487.9029770234067,488,0.9428223844282237,14489.774089252556,13661.283356655389,100264.06177831009,106344.59197647858,0.9428223844282237
B,半失能,助浴,129.37298293975496,2.0,25.0,False,258.7459658795099,259,243.95148851170336,244,0.9428223844282237,6468.649146987748,6098.787212792584,100264.06177831009,106344.59197647858,0.9428223844282237
B,半失能,紧急救助,129.37298293975496,1.0,0.0,True,129.37298293975496,129,129.37298293975496,129,1.0,0.0,0.0,100264.06177831009,106344.59197647858,0.9428223844282237
B,失能,助餐,106.38407998189997,22.0,10.0,False,2340.4497596017995,2340,1801.8363215477427,1802,0.769867549668874,23404.497596017995,18018.363215477428,98937.19438316696,128511.96861813517,0.769867549668874
B,失能,日间照料,106.38407998189997,18.0,20.0,False,1914.9134396741995,1915,1474.2297176299712,1474,0.769867549668874,38298.26879348399,29484.594352599423,98937.19438316696,128511.96861813517,0.769867549668874
B,失能,上门护理,106.38407998189997,12.0,30.0,False,1276.6089597827997,1277,982.8198117533142,983,0.769867549668874,38298.26879348399,29484.594352599426,98937.19438316696,128511.96861813517,0.769867549668874
B,失能,康复理疗,106.38407998189997,6.0,28.0,False,638.3044798913999,638,491.4099058766571,491,0.769867549668874,17872.525436959197,13759.4773645464,98937.19438316696,128511.96861813517,0.769867549668874
B,失能,助浴,106.38407998189997,4.0,25.0,False,425.5363199275999,426,327.6066039177714,328,0.769867549668874,10638.407998189998,8190.165097944285,98937.19438316696,128511.96861813517,0.769867549668874
B,失能,紧急救助,106.38407998189997,3.0,0.0,True,319.15223994569993,319,319.15223994569993,319,1.0,0.0,0.0,98937.19438316696,128511.96861813517,0.769867549668874
C,自理,助餐,668.0101228671441,14.0,10.0,False,9352.141720140018,9352,9352.141720140018,9352,1.0,93521.41720140018,93521.41720140018,507687.6933790296,237811.6037407033,1.0
C,自理,日间照料,668.0101228671441,8.0,20.0,False,5344.080982937153,5344,5344.080982937153,5344,1.0,106881.61965874306,106881.61965874306,507687.6933790296,237811.6037407033,1.0
C,自理,上门护理,668.0101228671441,0.0,30.0,False,0.0,0,0.0,0,1.0,0.0,0.0,507687.6933790296,237811.6037407033,1.0
C,自理,康复理疗,668.0101228671441,2.0,28.0,False,1336.0202457342882,1336,1336.0202457342882,1336,1.0,37408.56688056007,37408.56688056007,507687.6933790296,237811.6037407033,1.0
C,自理,助浴,668.0101228671441,0.0,25.0,False,0.0,0,0.0,0,1.0,0.0,0.0,507687.6933790296,237811.6037407033,1.0
C,自理,紧急救助,668.0101228671441,0.15,0.0,True,100.20151843007162,100,100.20151843007162,100,1.0,0.0,0.0,507687.6933790296,237811.6037407033,1.0
C,半失能,助餐,198.66023315183398,20.0,10.0,False,3973.2046630366794,3973,3973.2046630366794,3973,1.0,39732.04663036679,39732.04663036679,188727.2214942423,163298.71165080753,1.0
C,半失能,日间照料,198.66023315183398,14.0,20.0,False,2781.2432641256755,2781,2781.2432641256755,2781,1.0,55624.86528251351,55624.86528251351,188727.2214942423,163298.71165080753,1.0
C,半失能,上门护理,198.66023315183398,6.0,30.0,False,1191.961398911004,1192,1191.961398911004,1192,1.0,35758.84196733012,35758.84196733012,188727.2214942423,163298.71165080753,1.0
C,半失能,康复理疗,198.66023315183398,4.0,28.0,False,794.6409326073359,795,794.6409326073359,795,1.0,22249.946113005404,22249.946113005404,188727.2214942423,163298.71165080753,1.0
C,半失能,助浴,198.66023315183398,2.0,25.0,False,397.32046630366796,397,397.32046630366796,397,1.0,9933.011657591698,9933.011657591698,188727.2214942423,163298.71165080753,1.0
C,半失能,紧急救助,198.66023315183398,1.0,0.0,True,198.66023315183398,199,198.66023315183398,199,1.0,0.0,0.0,188727.2214942423,163298.71165080753,1.0
C,失能,助餐,149.08398292502164,22.0,10.0,False,3279.847624350476,3280,3095.2204401982967,3095,0.9437086092715231,32798.47624350476,30952.204401982966,169955.74053452467,180093.45137342616,0.9437086092715231
C,失能,日间照料,149.08398292502164,18.0,20.0,False,2683.5116926503897,2684,2532.4530874349703,2532,0.9437086092715231,53670.2338530078,50649.0617486994,169955.74053452467,180093.45137342616,0.9437086092715231
C,失能,上门护理,149.08398292502164,12.0,30.0,False,1789.0077951002597,1789,1688.30205828998,1688,0.9437086092715231,53670.23385300779,50649.0617486994,169955.74053452467,180093.45137342616,0.9437086092715231
C,失能,康复理疗,149.08398292502164,6.0,28.0,False,894.5038975501299,895,844.15102914499,844,0.9437086092715231,25046.109131403635,23636.22881605972,169955.74053452467,180093.45137342616,0.9437086092715231
C,失能,助浴,149.08398292502164,4.0,25.0,False,596.3359317000866,596,562.7673527633267,563,0.9437086092715231,14908.398292502165,14069.183819083168,169955.74053452467,180093.45137342616,0.9437086092715231
C,失能,紧急救助,149.08398292502164,3.0,0.0,True,447.25194877506493,447,447.25194877506493,447,1.0,0.0,0.0,169955.74053452467,180093.45137342616,0.9437086092715231
D,自理,助餐,391.49105615139206,14.0,10.0,False,5480.874786119489,5481,5480.874786119489,5481,1.0,54808.74786119489,54808.74786119489,227064.8125678074,139370.81598989558,1.0
D,自理,日间照料,391.49105615139206,8.0,20.0,False,3131.9284492111365,3132,3131.9284492111365,3132,1.0,62638.56898422273,62638.56898422273,227064.8125678074,139370.81598989558,1.0
D,自理,上门护理,391.49105615139206,0.0,30.0,False,0.0,0,0.0,0,1.0,0.0,0.0,227064.8125678074,139370.81598989558,1.0
D,自理,康复理疗,391.49105615139206,2.0,28.0,False,782.9821123027841,783,782.9821123027841,783,1.0,21923.499144477955,21923.499144477955,227064.8125678074,139370.81598989558,1.0
D,自理,助浴,391.49105615139206,0.0,25.0,False,0.0,0,0.0,0,1.0,0.0,0.0,227064.8125678074,139370.81598989558,1.0
D,自理,紧急救助,391.49105615139206,0.15,0.0,True,58.72365842270881,59,58.72365842270881,59,1.0,0.0,0.0,227064.8125678074,139370.81598989558,1.0
D,半失能,助餐,115.3656532172596,20.0,10.0,False,2307.3130643451923,2307,2035.0388949516598,2035,0.8819951338199513,23073.13064345192,20350.388949516597,83640.09858251321,94830.5669445874,0.8819951338199513
D,半失能,日间照料,115.3656532172596,14.0,20.0,False,1615.1191450416345,1615,1424.527226466162,1425,0.8819951338199514,32302.38290083269,28490.544529323237,83640.09858251321,94830.5669445874,0.8819951338199513
D,半失能,上门护理,115.3656532172596,6.0,30.0,False,692.1939193035577,692,610.5116684854979,611,0.8819951338199513,20765.81757910673,18315.350054564937,83640.09858251321,94830.5669445874,0.8819951338199513
D,半失能,康复理疗,115.3656532172596,4.0,28.0,False,461.4626128690384,461,407.00777899033193,407,0.8819951338199513,12920.953160333076,11396.217811729293,83640.09858251321,94830.5669445874,0.8819951338199513
D,半失能,助浴,115.3656532172596,2.0,25.0,False,230.7313064345192,231,203.50388949516596,204,0.8819951338199513,5768.28266086298,5087.597237379149,83640.09858251321,94830.5669445874,0.8819951338199513
D,半失能,紧急救助,115.3656532172596,1.0,0.0,True,115.3656532172596,115,115.3656532172596,115,1.0,0.0,0.0,83640.09858251321,94830.5669445874,0.8819951338199513
D,失能,助餐,93.76324757214805,22.0,10.0,False,2062.791446587257,2063,1485.6196676580407,1486,0.7201986754966887,20627.914465872567,14856.196676580406,81574.0253877688,113266.00306715484,0.7201986754966887
D,失能,日间照料,93.76324757214805,18.0,20.0,False,1687.738456298665,1688,1215.5070008111245,1216,0.7201986754966887,33754.7691259733,24310.14001622249,81574.0253877688,113266.00306715484,0.7201986754966887
D,失能,上门护理,93.76324757214805,12.0,30.0,False,1125.1589708657766,1125,810.3380005407497,810,0.7201986754966887,33754.7691259733,24310.140016222493,81574.0253877688,113266.00306715484,0.7201986754966887
D,失能,康复理疗,93.76324757214805,6.0,28.0,False,562.5794854328883,563,405.16900027037485,405,0.7201986754966887,15752.225592120873,11344.732007570496,81574.0253877688,113266.00306715484,0.7201986754966887
D,失能,助浴,93.76324757214805,4.0,25.0,False,375.0529902885922,375,270.11266684691657,270,0.7201986754966888,9376.324757214805,6752.8166711729145,81574.0253877688,113266.00306715484,0.7201986754966887
D,失能,紧急救助,93.76324757214805,3.0,0.0,True,281.28974271644415,281,281.28974271644415,281,1.0,0.0,0.0,81574.0253877688,113266.00306715484,0.7201986754966887
E,自理,助餐,567.6787192100539,14.0,10.0,False,7947.502068940756,7948,7947.502068940756,7948,1.0,79475.02068940755,79475.02068940755,397375.10344703775,202093.6240387792,1.0
E,自理,日间照料,567.6787192100539,8.0,20.0,False,4541.4297536804315,4541,4541.4297536804315,4541,1.0,90828.59507360862,90828.59507360862,397375.10344703775,202093.6240387792,1.0
E,自理,上门护理,567.6787192100539,0.0,30.0,False,0.0,0,0.0,0,1.0,0.0,0.0,397375.10344703775,202093.6240387792,1.0
E,自理,康复理疗,567.6787192100539,2.0,28.0,False,1135.3574384201079,1135,1135.3574384201079,1135,1.0,31790.008275763023,31790.008275763023,397375.10344703775,202093.6240387792,1.0
E,自理,助浴,567.6787192100539,0.0,25.0,False,0.0,0,0.0,0,1.0,0.0,0.0,397375.10344703775,202093.6240387792,1.0
E,自理,紧急救助,567.6787192100539,0.15,0.0,True,85.15180788150809,85,85.15180788150809,85,1.0,0.0,0.0,397375.10344703775,202093.6240387792,1.0
E,半失能,助餐,168.38872731186478,20.0,10.0,False,3367.774546237296,3368,3367.774546237296,3368,1.0,33677.74546237296,33677.74546237296,147340.1363978817,138415.53385035286,1.0
E,半失能,日间照料,168.38872731186478,14.0,20.0,False,2357.442182366107,2357,2357.442182366107,2357,1.0,47148.84364732214,47148.84364732214,147340.1363978817,138415.53385035286,1.0
E,半失能,上门护理,168.38872731186478,6.0,30.0,False,1010.3323638711887,1010,1010.3323638711887,1010,1.0,30309.970916135662,30309.970916135662,147340.1363978817,138415.53385035286,1.0
E,半失能,康复理疗,168.38872731186478,4.0,28.0,False,673.5549092474591,674,673.5549092474591,674,1.0,18859.537458928855,18859.537458928855,147340.1363978817,138415.53385035286,1.0
E,半失能,助浴,168.38872731186478,2.0,25.0,False,336.77745462372957,337,336.77745462372957,337,1.0,8419.43636559324,8419.43636559324,147340.1363978817,138415.53385035286,1.0
E,半失能,紧急救助,168.38872731186478,1.0,0.0,True,168.38872731186478,168,168.38872731186478,168,1.0,0.0,0.0,147340.1363978817,138415.53385035286,1.0
E,失能,助餐,129.53190318688098,22.0,10.0,False,2849.7018701113816,2850,2476.9759632590653,2477,0.8692052980132451,28497.018701113815,24769.759632590652,136008.49834622504,156474.53904975223,0.8692052980132451
E,失能,日间照料,129.53190318688098,18.0,20.0,False,2331.5742573638577,2332,2026.6166972119624,2027,0.8692052980132451,46631.485147277155,40532.333944239246,136008.49834622504,156474.53904975223,0.8692052980132451
E,失能,上门护理,129.53190318688098,12.0,30.0,False,1554.3828382425718,1554,1351.0777981413082,1351,0.869205298013245,46631.485147277155,40532.333944239246,136008.49834622504,156474.53904975223,0.8692052980132451
E,失能,康复理疗,129.53190318688098,6.0,28.0,False,777.1914191212859,777,675.5388990706541,676,0.869205298013245,21761.359735396007,18915.089173978315,136008.49834622504,156474.53904975223,0.8692052980132451
E,失能,助浴,129.53190318688098,4.0,25.0,False,518.1276127475239,518,450.3592660471028,450,0.8692052980132451,12953.190318688099,11258.98165117757,136008.49834622504,156474.53904975223,0.8692052980132451
E,失能,紧急救助,129.53190318688098,3.0,0.0,True,388.59570956064294,389,388.59570956064294,389,1.0,0.0,0.0,136008.49834622504,156474.53904975223,0.8692052980132451
F,自理,助餐,345.02722024382297,14.0,10.0,False,4830.381083413522,4830,4830.381083413522,4830,1.0,48303.81083413522,48303.81083413522,186314.6989316644,122829.69040680098,1.0
F,自理,日间照料,345.02722024382297,8.0,20.0,False,2760.2177619505837,2760,2760.2177619505837,2760,1.0,55204.355239011675,55204.355239011675,186314.6989316644,122829.69040680098,1.0
F,自理,上门护理,345.02722024382297,0.0,30.0,False,0.0,0,0.0,0,1.0,0.0,0.0,186314.6989316644,122829.69040680098,1.0
F,自理,康复理疗,345.02722024382297,2.0,28.0,False,690.0544404876459,690,690.0544404876459,690,1.0,19321.524333654088,19321.524333654088,186314.6989316644,122829.69040680098,1.0
F,自理,助浴,345.02722024382297,0.0,25.0,False,0.0,0,0.0,0,1.0,0.0,0.0,186314.6989316644,122829.69040680098,1.0
F,自理,紧急救助,345.02722024382297,0.15,0.0,True,51.75408303657344,52,51.75408303657344,52,1.0,0.0,0.0,186314.6989316644,122829.69040680098,1.0
F,半失能,助餐,101.166567996128,20.0,10.0,False,2023.3313599225598,2023,1661.494729863416,1661,0.8211678832116789,20233.3135992256,16614.94729863416,68287.4333973864,83158.91889281721,0.8211678832116789
F,半失能,日间照料,101.166567996128,14.0,20.0,False,1416.3319519457918,1416,1163.0463109043912,1163,0.8211678832116789,28326.639038915837,23260.926218087825,68287.4333973864,83158.91889281721,0.8211678832116789
F,半失能,上门护理,101.166567996128,6.0,30.0,False,606.999407976768,607,498.4484189590248,498,0.8211678832116789,18209.98223930304,14953.452568770745,68287.4333973864,83158.91889281721,0.8211678832116789
F,半失能,康复理疗,101.166567996128,4.0,28.0,False,404.666271984512,405,332.2989459726832,332,0.8211678832116789,11330.655615566335,9304.37048723513,68287.4333973864,83158.91889281721,0.8211678832116789
F,半失能,助浴,101.166567996128,2.0,25.0,False,202.333135992256,202,166.1494729863416,166,0.8211678832116789,5058.3283998064,4153.73682465854,68287.4333973864,83158.91889281721,0.8211678832116789
F,半失能,紧急救助,101.166567996128,1.0,0.0,True,101.166567996128,101,101.166567996128,101,1.0,0.0,0.0,68287.4333973864,83158.91889281721,0.8211678832116789
F,失能,助餐,74.93235087044887,22.0,10.0,False,1648.5117191498753,1649,1105.3762355226813,1105,0.6705298013245033,16485.117191498754,11053.762355226812,60695.20420506359,90518.27985150223,0.6705298013245033
F,失能,日间照料,74.93235087044887,18.0,20.0,False,1348.7823156680797,1349,904.398738154921,904,0.6705298013245033,26975.646313361594,18087.97476309842,60695.20420506359,90518.27985150223,0.6705298013245033
F,失能,上门护理,74.93235087044887,12.0,30.0,False,899.1882104453864,899,602.9324921032807,603,0.6705298013245033,26975.64631336159,18087.97476309842,60695.20420506359,90518.27985150223,0.6705298013245033
F,失能,康复理疗,74.93235087044887,6.0,28.0,False,449.5941052226932,450,301.4662460516403,301,0.6705298013245033,12588.63494623541,8441.05488944593,60695.20420506359,90518.27985150223,0.6705298013245033
F,失能,助浴,74.93235087044887,4.0,25.0,False,299.7294034817955,300,200.97749736776024,201,0.6705298013245033,7493.235087044887,5024.437434194006,60695.20420506359,90518.27985150223,0.6705298013245033
F,失能,紧急救助,74.93235087044887,3.0,0.0,True,224.7970526113466,225,224.7970526113466,225,1.0,0.0,0.0,60695.20420506359,90518.27985150223,0.6705298013245033
G,自理,助餐,626.407940229608,14.0,10.0,False,8769.711163214512,8770,8769.711163214512,8770,1.0,87697.11163214511,87697.11163214511,451013.7169653177,223001.22672174044,1.0
G,自理,日间照料,626.407940229608,8.0,20.0,False,5011.263521836864,5011,5011.263521836864,5011,1.0,100225.27043673728,100225.27043673728,451013.7169653177,223001.22672174044,1.0
G,自理,上门护理,626.407940229608,0.0,30.0,False,0.0,0,0.0,0,1.0,0.0,0.0,451013.7169653177,223001.22672174044,1.0
G,自理,康复理疗,626.407940229608,2.0,28.0,False,1252.815880459216,1253,1252.815880459216,1253,1.0,35078.844652858046,35078.844652858046,451013.7169653177,223001.22672174044,1.0
G,自理,助浴,626.407940229608,0.0,25.0,False,0.0,0,0.0,0,1.0,0.0,0.0,451013.7169653177,223001.22672174044,1.0
G,自理,紧急救助,626.407940229608,0.15,0.0,True,93.9611910344412,94,93.9611910344412,94,1.0,0.0,0.0,451013.7169653177,223001.22672174044,1.0
G,半失能,助餐,184.8446589279748,20.0,10.0,False,3696.893178559496,3697,3696.893178559496,3697,1.0,36968.93178559496,36968.93178559496,166360.1930351773,151942.3096387953,1.0
G,半失能,日间照料,184.8446589279748,14.0,20.0,False,2587.8252249916472,2588,2587.8252249916472,2588,1.0,51756.50449983295,51756.50449983295,166360.1930351773,151942.3096387953,1.0
G,半失能,上门护理,184.8446589279748,6.0,30.0,False,1109.0679535678487,1109,1109.0679535678487,1109,1.0,33272.03860703546,33272.03860703546,166360.1930351773,151942.3096387953,1.0
G,半失能,康复理疗,184.8446589279748,4.0,28.0,False,739.3786357118992,739,739.3786357118992,739,1.0,20702.601799933178,20702.601799933178,166360.1930351773,151942.3096387953,1.0
G,半失能,助浴,184.8446589279748,2.0,25.0,False,369.6893178559496,370,369.6893178559496,370,1.0,9242.232946398739,9242.232946398739,166360.1930351773,151942.3096387953,1.0
G,半失能,紧急救助,184.8446589279748,1.0,0.0,True,184.8446589279748,185,184.8446589279748,185,1.0,0.0,0.0,166360.1930351773,151942.3096387953,1.0
G,失能,助餐,142.67321480721697,22.0,10.0,False,3138.810725758773,3139,2806.221509784333,2806,0.8940397350993377,31388.10725758773,28062.21509784333,154087.0719917943,172349.2434871181,0.8940397350993377
G,失能,日间照料,142.67321480721697,18.0,20.0,False,2568.1178665299053,2568,2295.9994170962727,2296,0.8940397350993377,51362.357330598104,45919.988341925455,154087.0719917943,172349.2434871181,0.8940397350993377
G,失能,上门护理,142.67321480721697,12.0,30.0,False,1712.0785776866037,1712,1530.666278064182,1531,0.8940397350993378,51362.35733059811,45919.98834192546,154087.0719917943,172349.2434871181,0.8940397350993377
G,失能,康复理疗,142.67321480721697,6.0,28.0,False,856.0392888433018,856,765.333139032091,765,0.8940397350993378,23969.100087612453,21429.32789289855,154087.0719917943,172349.2434871181,0.8940397350993377
G,失能,助浴,142.67321480721697,4.0,25.0,False,570.6928592288679,571,510.2220926880606,510,0.8940397350993377,14267.321480721697,12755.552317201516,154087.0719917943,172349.2434871181,0.8940397350993377
G,失能,紧急救助,142.67321480721697,3.0,0.0,True,428.0196444216509,428,428.0196444216509,428,1.0,0.0,0.0,154087.0719917943,172349.2434871181,0.8940397350993377
H,自理,助餐,413.5353737718941,14.0,10.0,False,5789.495232806517,5789,5789.495232806517,5789,1.0,57894.95232806518,57894.95232806518,248121.22426313648,147218.5930627943,1.0
H,自理,日间照料,413.5353737718941,8.0,20.0,False,3308.282990175153,3308,3308.282990175153,3308,1.0,66165.65980350306,66165.65980350306,248121.22426313648,147218.5930627943,1.0
H,自理,上门护理,413.5353737718941,0.0,30.0,False,0.0,0,0.0,0,1.0,0.0,0.0,248121.22426313648,147218.5930627943,1.0
H,自理,康复理疗,413.5353737718941,2.0,28.0,False,827.0707475437882,827,827.0707475437882,827,1.0,23157.98093122607,23157.98093122607,248121.22426313648,147218.5930627943,1.0
H,自理,助浴,413.5353737718941,0.0,25.0,False,0.0,0,0.0,0,1.0,0.0,0.0,248121.22426313648,147218.5930627943,1.0
H,自理,紧急救助,413.5353737718941,0.15,0.0,True,62.03030606578412,62,62.03030606578412,62,1.0,0.0,0.0,248121.22426313648,147218.5930627943,1.0
H,半失能,助餐,122.69383530395658,20.0,10.0,False,2453.8767060791315,2454,2238.938600437164,2239,0.9124087591240877,24538.767060791317,22389.38600437164,92020.37647796744,100854.3326198523,0.9124087591240877
H,半失能,日间照料,122.69383530395658,14.0,20.0,False,1717.713694255392,1718,1567.2570203060147,1567,0.9124087591240876,34354.27388510784,31345.140406120296,92020.37647796744,100854.3326198523,0.9124087591240877
H,半失能,上门护理,122.69383530395658,6.0,30.0,False,736.1630118237395,736,671.6815801311492,672,0.9124087591240877,22084.890354712184,20150.447403934475,92020.37647796744,100854.3326198523,0.9124087591240877
H,半失能,康复理疗,122.69383530395658,4.0,28.0,False,490.7753412158263,491,447.78772008743283,448,0.9124087591240877,13741.709554043136,12538.05616244812,92020.37647796744,100854.3326198523,0.9124087591240877
H,半失能,助浴,122.69383530395658,2.0,25.0,False,245.38767060791315,245,223.89386004371642,224,0.9124087591240877,6134.691765197829,5597.34650109291,92020.37647796744,100854.3326198523,0.9124087591240877
H,半失能,紧急救助,122.69383530395658,1.0,0.0,True,122.69383530395658,123,122.69383530395658,123,1.0,0.0,0.0,92020.37647796744,100854.3326198523,0.9124087591240877
H,失能,助餐,90.88868714174913,22.0,10.0,False,1999.5511171184808,2000,1489.7317925551595,1490,0.7450331125827815,19995.511171184808,14897.317925551595,81799.81842757422,109793.53406723295,0.7450331125827815
H,失能,日间照料,90.88868714174913,18.0,20.0,False,1635.9963685514845,1636,1218.8714666360397,1219,0.7450331125827815,32719.92737102969,24377.429332720792,81799.81842757422,109793.53406723295,0.7450331125827815
H,失能,上门护理,90.88868714174913,12.0,30.0,False,1090.6642457009896,1091,812.5809777573598,813,0.7450331125827815,32719.927371029687,24377.429332720796,81799.81842757422,109793.53406723295,0.7450331125827815
H,失能,康复理疗,90.88868714174913,6.0,28.0,False,545.3321228504948,545,406.2904888786799,406,0.7450331125827815,15269.299439813854,11376.133688603039,81799.81842757422,109793.53406723295,0.7450331125827815
H,失能,助浴,90.88868714174913,4.0,25.0,False,363.5547485669965,364,270.86032591911993,271,0.7450331125827815,9088.868714174912,6771.508147977998,81799.81842757422,109793.53406723295,0.7450331125827815
H,失能,紧急救助,90.88868714174913,3.0,0.0,True,272.6660614252474,273,272.6660614252474,273,1.0,0.0,0.0,81799.81842757422,109793.53406723295,0.7450331125827815
I,自理,助餐,533.4246424460184,14.0,10.0,False,7467.944994244258,7468,7467.944994244258,7468,1.0,74679.44994244257,74679.44994244257,352060.2640143722,189899.17271078256,1.0
I,自理,日间照料,533.4246424460184,8.0,20.0,False,4267.397139568147,4267,4267.397139568147,4267,1.0,85347.94279136295,85347.94279136295,352060.2640143722,189899.17271078256,1.0
I,自理,上门护理,533.4246424460184,0.0,30.0,False,0.0,0,0.0,0,1.0,0.0,0.0,352060.2640143722,189899.17271078256,1.0
I,自理,康复理疗,533.4246424460184,2.0,28.0,False,1066.8492848920368,1067,1066.8492848920368,1067,1.0,29871.77997697703,29871.77997697703,352060.2640143722,189899.17271078256,1.0
I,自理,助浴,533.4246424460184,0.0,25.0,False,0.0,0,0.0,0,1.0,0.0,0.0,352060.2640143722,189899.17271078256,1.0
I,自理,紧急救助,533.4246424460184,0.15,0.0,True,80.01369636690276,80,80.01369636690276,80,1.0,0.0,0.0,352060.2640143722,189899.17271078256,1.0
I,半失能,助餐,159.45273328108794,20.0,10.0,False,3189.054665621759,3189,3189.054665621759,3189,1.0,31890.54665621759,31890.54665621759,131548.50495689755,131070.14675705429,1.0
I,半失能,日间照料,159.45273328108794,14.0,20.0,False,2232.338265935231,2232,2232.338265935231,2232,1.0,44646.76531870462,44646.76531870462,131548.50495689755,131070.14675705429,1.0
I,半失能,上门护理,159.45273328108794,6.0,30.0,False,956.7163996865277,957,956.7163996865277,957,1.0,28701.49199059583,28701.49199059583,131548.50495689755,131070.14675705429,1.0
I,半失能,康复理疗,159.45273328108794,4.0,28.0,False,637.8109331243518,638,637.8109331243518,638,1.0,17858.706127481848,17858.706127481848,131548.50495689755,131070.14675705429,1.0
I,半失能,助浴,159.45273328108794,2.0,25.0,False,318.9054665621759,319,318.9054665621759,319,1.0,7972.636664054397,7972.636664054397,131548.50495689755,131070.14675705429,1.0
I,半失能,紧急救助,159.45273328108794,1.0,0.0,True,159.45273328108794,159,159.45273328108794,159,1.0,0.0,0.0,131548.50495689755,131070.14675705429,1.0
I,失能,助餐,119.72609542809336,22.0,10.0,False,2633.974099418054,2634,2158.6377139270476,2159,0.8195364238410596,26339.740994180538,21586.377139270477,118528.83447381241,144629.12327713676,0.8195364238410596
I,失能,日间照料,119.72609542809336,18.0,20.0,False,2155.0697177056804,2155,1766.1581295766753,1766,0.8195364238410596,43101.39435411361,35323.1625915335,118528.83447381241,144629.12327713676,0.8195364238410596
I,失能,上门护理,119.72609542809336,12.0,30.0,False,1436.7131451371204,1437,1177.438753051117,1177,0.8195364238410596,43101.39435411361,35323.16259153351,118528.83447381241,144629.12327713676,0.8195364238410596
I,失能,康复理疗,119.72609542809336,6.0,28.0,False,718.3565725685602,718,588.7193765255585,589,0.8195364238410596,20113.984031919685,16484.142542715635,118528.83447381241,144629.12327713676,0.8195364238410596
I,失能,助浴,119.72609542809336,4.0,25.0,False,478.90438171237344,479,392.4795843503723,392,0.8195364238410596,11972.609542809336,9811.989608759308,118528.83447381241,144629.12327713676,0.8195364238410596
I,失能,紧急救助,119.72609542809336,3.0,0.0,True,359.1782862842801,359,359.1782862842801,359,1.0,0.0,0.0,118528.83447381241,144629.12327713676,0.8195364238410596
J,自理,助餐,479.6127006649486,14.0,10.0,False,6714.57780930928,6715,6714.57780930928,6715,1.0,67145.7780930928,67145.7780930928,306952.1284255671,170742.1214367217,1.0
J,自理,日间照料,479.6127006649486,8.0,20.0,False,3836.9016053195887,3837,3836.9016053195887,3837,1.0,76738.03210639178,76738.03210639178,306952.1284255671,170742.1214367217,1.0
J,自理,上门护理,479.6127006649486,0.0,30.0,False,0.0,0,0.0,0,1.0,0.0,0.0,306952.1284255671,170742.1214367217,1.0
J,自理,康复理疗,479.6127006649486,2.0,28.0,False,959.2254013298972,959,959.2254013298972,959,1.0,26858.31123723712,26858.31123723712,306952.1284255671,170742.1214367217,1.0
J,自理,助浴,479.6127006649486,0.0,25.0,False,0.0,0,0.0,0,1.0,0.0,0.0,306952.1284255671,170742.1214367217,1.0
J,自理,紧急救助,479.6127006649486,0.15,0.0,True,71.94190509974229,72,71.94190509974229,72,1.0,0.0,0.0,306952.1284255671,170742.1214367217,1.0
J,半失能,助餐,140.374067866874,20.0,10.0,False,2807.4813573374795,2807,2732.3419536131187,2732,0.9732360097323601,28074.813573374795,27323.419536131187,112299.2542934992,115387.48378657042,0.9732360097323601
J,半失能,日间照料,140.374067866874,14.0,20.0,False,1965.236950136236,1965,1912.6393675291833,1913,0.9732360097323601,39304.73900272472,38252.78735058367,112299.2542934992,115387.48378657042,0.9732360097323601
J,半失能,上门护理,140.374067866874,6.0,30.0,False,842.2444072012439,842,819.7025860839357,820,0.9732360097323601,25267.332216037317,24591.07758251807,112299.2542934992,115387.48378657042,0.9732360097323601
J,半失能,康复理疗,140.374067866874,4.0,28.0,False,561.496271467496,561,546.4683907226238,546,0.9732360097323601,15721.895601089887,15301.114940233467,112299.2542934992,115387.48378657042,0.9732360097323601
J,半失能,助浴,140.374067866874,2.0,25.0,False,280.748135733748,281,273.2341953613119,273,0.9732360097323601,7018.7033933437,6830.854884032798,112299.2542934992,115387.48378657042,0.9732360097323601
J,半失能,紧急救助,140.374067866874,1.0,0.0,True,140.374067866874,140,140.374067866874,140,1.0,0.0,0.0,112299.2542934992,115387.48378657042,0.9732360097323601
J,失能,助餐,104.29023836737713,22.0,10.0,False,2294.3852440822966,2294,1823.3525118534808,1823,0.794701986754967,22943.852440822964,18233.52511853481,100118.62883268205,125982.60794779156,0.794701986754967
J,失能,日间照料,104.29023836737713,18.0,20.0,False,1877.2242906127883,1877,1491.8338733346664,1492,0.794701986754967,37544.48581225576,29836.677466693327,100118.62883268205,125982.60794779156,0.794701986754967
J,失能,上门护理,104.29023836737713,12.0,30.0,False,1251.4828604085255,1251,994.5559155564442,995,0.794701986754967,37544.48581225576,29836.677466693327,100118.62883268205,125982.60794779156,0.794701986754967
J,失能,康复理疗,104.29023836737713,6.0,28.0,False,625.7414302042628,626,497.2779577782221,497,0.794701986754967,17520.76004571936,13923.78281779022,100118.62883268205,125982.60794779156,0.794701986754967
J,失能,助浴,104.29023836737713,4.0,25.0,False,417.1609534695085,417,331.5186385188147,332,0.794701986754967,10429.023836737713,8287.965962970367,100118.62883268205,125982.60794779156,0.794701986754967
J,失能,紧急救助,104.29023836737713,3.0,0.0,True,312.8707151021314,313,312.8707151021314,313,1.0,0.0,0.0,100118.62883268205,125982.60794779156,0.794701986754967
